{
	"returncode": "0",
	"DSLAvailabilityInformation": {
		"CopperProductOffers": [
			{
				"ProductOffers": [
					{
						"TransferMethod": "VDSL-SV",
						"UpStreamBandwidths": {
							"minimumbandwidth": 364,
							"maximumbandwidth": 42464
						},
						"DownStreamBandwidths": {
							"minimumbandwidth": 716,
							"maximumbandwidth": 185824
						},
						"IPTV": false,
						"ConstructionType": "ohne Splitter"
					},{
						"TransferMethod": "VDSL-SV",
						"UpStreamBandwidths": {
							"minimumbandwidth": 364,
							"maximumbandwidth": 42464
						},
						"DownStreamBandwidths": {
							"minimumbandwidth": 716,
							"maximumbandwidth": 185824
						},
						"IPTV": true,
						"ConstructionType": "ohne Splitter"
					},
					{
						"TransferMethod": "POTS",
						"UpStreamBandwidths": {
							"minimumbandwidth": 64,
							"maximumbandwidth": 64
						},
						"DownStreamBandwidths": {
							"minimumbandwidth": 64,
							"maximumbandwidth": 64
						},
						"IPTV": false,
						"ConstructionType": "ohne Splitter"
					}, {
						"TransferMethod": "VDSL-SV",
						"UpStreamBandwidths": {
							"minimumbandwidth": 364,
							"maximumbandwidth": 42464
						},
						"DownStreamBandwidths": {
							"minimumbandwidth": 716,
							"maximumbandwidth": 265472
						},
						"IPTV": true,
						"ConstructionType": "ohne Splitter"
					}, {
						"TransferMethod": "VDSL-SV",
						"UpStreamBandwidths": {
							"minimumbandwidth": 364,
							"maximumbandwidth": 42464
						},
						"DownStreamBandwidths": {
							"minimumbandwidth": 716,
							"maximumbandwidth": 265472
						},
						"IPTV": false,
						"ConstructionType": "ohne Splitter"
					}
				],
				"AttenuationInformation": [
					{
						"TransferMethod": "POTS",
						"AttenuationValue": "13.0"
					}, {
						"TransferMethod": "VDSL-SV",
						"AttenuationValue": "10.0"
					}
				]
			}
		]
	}
}