{
    "id": "3723a6fc-4099-4aba-a908-de1fc11c3843",
    "href": "/sq/3723a6fc-4099-4aba-a908-de1fc11c3843",
    "state": "done",
    "qualificationResult": "qualified",
    "provideOnlyAvailable": false,
    "provideAlternative": false,
    "provideUnavailabilityReason": true,
    "relatedParty": [],
    "serviceQualificationItem": [
        {
            "id": "ee31547e-0048-437c-ab86-ba85d844199c",
            "state": "done",
            "qualificationResult": "qualified",
            "eligibilityUnavailabilityReason": [
                {
                    "code": "NO_AREA_EXPANSION",
                    "label": "Gebiet nicht zum Ausbau vorgesehen"
        }
      ],
      "qualificationItemRelationship": [],
      "service": {
        "id": "ee3abe58-af1b-487a-b543-9cf39b87319e",
        "place": [
          {
            "id": "17181718",
            "@type": "UrbanPropertyAddress"
          }
        ],
        "serviceRelationship": [],
        "serviceCharacteristic": [
          {
            "name": "Ausbaustand Glasfaser",
            "value": "notPlanned"
          }
        ],
        "relatedParty": []
      },
      "terminationError": [],
      "alternateServiceProposal": []
    }
  ]
}