{
    "id": "17181718",
    "href": "/giga-project-dioss/v3/FiberAvailability/serviceQualification/17181718",
    "state": "done",
    "qualificationResult": "qualified",
    "provideOnlyAvailable": false,
    "provideAlternative": false,
    "provideUnavailabilityReason": true,
    "relatedParty": [
    ],
    "serviceQualificationItem": [
        {
            "id": "3a156196-89be-4fd3-9d67-6227693d98d1",
            "state": "done",
            "qualificationResult": "qualified",
            "eligibilityUnavailabilityReason": [
            ],
            "qualificationItemRelationship": [
            ],
            "service": {
                "id": "e711b826-0ca5-4178-9b4e-1a79c282a110",
                "place": [
                    {
                        "id": "17181718",
                        "@type": "UrbanPropertyAddress"
                    }
                ],
                "serviceRelationship": [
                ],
                "serviceCharacteristic": [
                    {
                        "name": "Ausbaustand Glasfaser",
                        "value": "prepared"
                    },
                    {
                        "name": "WE",
                        "value": "3"
                    },
                    {
                        "name": "GE",
                        "value": "2"
                    },
                    {
                        "name": "SL",
                        "value": "0"
                    },
                    {
                        "name": "Technologie",
                        "value": "FTTH"
                    },
                    {
                        "name": "Initiative",
                        "value": "Eigenausbau"
                    },
                    {
                        "name": "DatumVon",
                        "value": "2020-02-28T00:00:00.000Z"
                    },
                    {
                        "name": "DatumBis",
                        "value": "2020-03-29T00:00:00.000Z"
                    },
                    {
                        "name": "Ausbauregelverletzung",
                        "value": "0"
                    }
                ],
                "relatedParty": [
                    {
                        "id": "10001",
                        "name": "Telekom Deutschland GmbH",
                        "characteristics": [
                            {
                                "name": "carrierCode",
                                "value": "DTAG"
                            },
                            {
                                "name": "isWholebuyPartner",
                                "value": "0"
                            },
                            {
                                "name": "isOntOwnedByDT",
                                "value": "1"
                            }
                        ]
                    }
                ]
            },
            "terminationError": [
            ],
            "alternateServiceProposal": [
            ]
        }
    ]
}