{
    "id": "17181718",
    "href": "/giga-project-dioss/v3/FiberAvailability/serviceQualification/17181718",
    "state": "done",
    "qualificationResult": "qualified",
    "provideOnlyAvailable": false,
    "provideAlternative": false,
    "provideUnavailabilityReason": true,
    "relatedParty": [
    ],
    "serviceQualificationItem": [
        {
            "id": "c1215a3a-62d1-4151-b90a-3124e958ee50",
            "state": "done",
            "qualificationResult": "qualified",
            "eligibilityUnavailabilityReason": [
            ],
            "qualificationItemRelationship": [
            ],
            "service": {
                "id": "f3ff9179-1ff7-42d5-a55e-68b5819285e2",
                "place": [
                    {
                        "id": "17181718",
                        "@type": "UrbanPropertyAddress"
                    }
                ],
                "serviceRelationship": [
                ],
                "serviceCharacteristic": [
                    {
                        "name": "Ausbaustand Glasfaser",
                        "value": "ready"
                    },
                    {
                        "name": "WE",
                        "value": "3"
                    },
                    {
                        "name": "GE",
                        "value": "2"
                    },
                    {
                        "name": "SL",
                        "value": "0"
                    },
                    {
                        "name": "Technologie",
                        "value": "FTTH"
                    },
                    {
                        "name": "Initiative",
                        "value": "Eigenausbau"
                    },
                    {
                        "name": "DatumVon",
                        "value": "2018-07-01T00:00:00.000Z"
                    },
                    {
                        "name": "DatumBis",
                        "value": "2018-09-30T00:00:00.000Z"
                    },
                    {
                        "name": "Ausbauregelverletzung",
                        "value": "1"
                    }
                ],
                "relatedParty": [
                    {
                        "id": "10001",
                        "name": "Telekom Deutschland GmbH",
                        "characteristics": [
                            {
                                "name": "carrierCode",
                                "value": "DTAG"
                            },
                            {
                                "name": "isWholebuyPartner",
                                "value": "0"
                            },
                            {
                                "name": "isOntOwnedByDT",
                                "value": "1"
                            }
                        ]
                    }
                ]
            },
            "terminationError": [
            ],
            "alternateServiceProposal": [
            ]
        }
    ]
}